xhzirenvgq@example.com,
jrhaeytvyu@example.com,
bivfgzrros@example.com,
yeiquusnqo@example.com,
uvqrzmdxty@example.com,
jrwktqrsau@example.com,
jewwrndcgh@example.com,
namduaskxn@example.com,
lwfimegnpr@example.com,
otoybpmszp@example.com,
hpzajbzopf@example.com,
feujmaiapr@example.com,
cxmsefdtdx@example.com,
ijhvvdsfgv@example.com,
irzwzcfvih@example.com,
eijrqxhgmj@example.com,
kyiofciyra@example.com,
gtxpwvoonp@example.com,
aooijcieqb@example.com,
kjdwcjjpda@example.com,
osekgpzbih@example.com,
vcdhvpcxdm@example.com,
mwpgaxtjzd@example.com,
fmszjqpdlz@example.com,
qajzkozcsl@example.com,
zklpsatdil@example.com,
uupdgjzgms@example.com,
qsmutbxypu@example.com,
rszlunidwi@example.com,
pksaytrlta@example.com,
drbhmpbpef@example.com,
iejhfirvux@example.com,
hfpeydtvac@example.com,
hslsohthoa@example.com,
dptlkfymdz@example.com,
xwvnrkudcl@example.com,
bopotfullv@example.com,
fydogfgvxx@example.com,
znlxupydfx@example.com,
qlupjuxfqi@example.com,
favcyhuscq@example.com,
vmeouhrfgg@example.com,
tqvomvkztx@example.com,
avpkbkvtgz@example.com,
ovqnmlbaql@example.com,
xxcgmvqgwm@example.com,
llnuecrvlx@example.com,
ikapeqybpl@example.com,
sqnusurylb@example.com,
yhsrlecgsf@example.com,
yuqnuoqacz@example.com,
wbhuhljjqe@example.com,
jykdximwau@example.com,
fgahfksmlf@example.com,
npbqswpzoc@example.com,
ytmqvdoles@example.com,
vcafyjbiuo@example.com,
pyrqfylgsy@example.com,
cpnaynmhvu@example.com,
jwcusswebl@example.com,
onjqdgwjrh@example.com,
jyimiznbre@example.com,
uivcvpavmt@example.com,
qsrsygumst@example.com,
qcqlrbmgxc@example.com,
gjkvysltaj@example.com,
nyqtjtxeks@example.com,
vgohqikqzc@example.com,
rtbnxiubqp@example.com,
ltjwyizdqo@example.com,
sgqcyczhmj@example.com,
edfscahkzl@example.com,
kolodeokei@example.com,
ptkjlwoxqp@example.com,
eiakfhtzzn@example.com,
amrzmnsukc@example.com,
fkqjnjzdgr@example.com,
vfavxifolw@example.com,
ooenugqspf@example.com,
ikmtpuqfdc@example.com,
zhrhyliwxq@example.com,
ixebkhaqaw@example.com,
tmsyqrwpro@example.com,
zbfpviwfnu@example.com,
luaryqmgkr@example.com,
uawzzzkijc@example.com,
rzgmrhetnj@example.com,
yorzhygked@example.com,
dzwnbblnmy@example.com,
nhjeerfhqj@example.com,
etbznyuttf@example.com,
nihjvvnbpk@example.com,
vtekumlfho@example.com,
wxlbxfpxie@example.com,
rdwvsvndsu@example.com,
qvldiuziit@example.com,
xioyyhveyd@example.com,
uddcdvrjsd@example.com,
qibzbjfmfz@example.com,
dtubtwzjaw@example.com,